{"loss": [1.3817267417907715, 0.4427999258041382, 0.25472649931907654, 0.17909634113311768, 0.1300681084394455, 0.10776814073324203, 0.08465971797704697, 0.07014581561088562, 0.06099604815244675, 0.05593649670481682], "accuracy": [0.5956326723098755, 0.8580126762390137, 0.9175901412963867, 0.9413329362869263, 0.9571804404258728, 0.965118408203125, 0.9727149605751038, 0.9776228666305542, 0.980482280254364, 0.9817910194396973], "val_loss": [0.5273341536521912, 0.36776936054229736, 0.29065683484077454, 0.17594203352928162, 0.12231647968292236, 0.11839067190885544, 0.14625483751296997, 0.15629205107688904, 0.13008078932762146, 0.15979833900928497], "val_accuracy": [0.8351923227310181, 0.8834509253501892, 0.9061574935913086, 0.9424653053283691, 0.9604484438896179, 0.963862955570221, 0.954359233379364, 0.9522535800933838, 0.9631800651550293, 0.9545299410820007]}